Workbook

Sheet Quyet dinh don hang
A1: BÁO GIÁ — NÊN NHẬN HAY TỪ CHỐI?
A2: Nhập 2 ô VÀNG bên dưới → bảng quyết định tự cập nhật cho từng ngách.
A4: ① Giá khách trả (USD/kg) | C4: 7.2
A5: ② Số lượng khách đề nghị (kg) | C5: 3000
A7: KẾT QUẢ VỚI ĐƠN NÀY
A8: Giá vốn FOB / kg | B8: =('Thong so'!$B$3)+('Thong so'!$B$4)/$C$5 | C8: Biến đổi + cố định chia theo SL.
A9: Giá vốn FOB có dự phòng | B9: =(('Thong so'!$B$3)+('Thong so'!$B$4)/$C$5)*(1+'Thong so'!$B$5) | C9: ← con số dùng để tính lãi.
A10: Biên lãi thực tế | B10: =($C$4-B9)/$C$4 | C10: So với biên tối thiểu từng ngách bên dưới.
A11: Lãi / kg | B11: =$C$4-B9
A12: Tổng lãi cả lô (USD) | B12: =B11*$C$5
A14: KHUYẾN NGHỊ NHANH
A15: =IF($C$4<'Thong so'!$B$6,"❌ TỪ CHỐI — dưới giá sàn "&TEXT('Thong so'!$B$6,"0.00")&" USD/kg",IF(B10>=0.15,"✅ NHẬN TỐT — biên "&TEXT(B10,"0.0%")&", hợp cả ngách ưu tiên",IF(B10>=0.12,"⚠ NHẬN ĐƯỢC (mỏng) — chỉ hợp ngách ethnic/đơn lớn","❌ CHƯA ĐẠT — đàm phán: tăng SL hoặc trả trước 50%")))
A18: QUYẾT ĐỊNH THEO TỪNG NGÁCH
A19: Ngách khách hàng | B19: Biên tối thiểu | C19: SL tối thiểu (kg) | D19: Giá CHÀO đầu (USD/kg) | E19: Giá SÀN ngách (USD/kg) | F19: QUYẾT ĐỊNH với đơn này
A20: ='Thong so'!A11 | B20: ='Thong so'!$C$11 | C20: ='Thong so'!$D$11 | D20: =$B$9/(1-'Thong so'!$B$11) | E20: =$B$9/(1-'Thong so'!$C$11) | F20: =IF($C$4<'Thong so'!$B$6,"❌ TỪ CHỐI (dưới sàn tuyệt đối)",IF(AND($B$10>='Thong so'!$C$11,$C$5>='Thong so'!$D$11),"✅ NHẬN",IF($B$10>='Thong so'!$C$11,"⚠ NHẬN — nhưng SL dưới ngưỡng ngách","❌ Chưa đạt — đàm phán / bỏ")))
A21: ='Thong so'!A12 | B21: ='Thong so'!$C$12 | C21: ='Thong so'!$D$12 | D21: =$B$9/(1-'Thong so'!$B$12) | E21: =$B$9/(1-'Thong so'!$C$12) | F21: =IF($C$4<'Thong so'!$B$6,"❌ TỪ CHỐI (dưới sàn tuyệt đối)",IF(AND($B$10>='Thong so'!$C$12,$C$5>='Thong so'!$D$12),"✅ NHẬN",IF($B$10>='Thong so'!$C$12,"⚠ NHẬN — nhưng SL dưới ngưỡng ngách","❌ Chưa đạt — đàm phán / bỏ")))
A22: ='Thong so'!A13 | B22: ='Thong so'!$C$13 | C22: ='Thong so'!$D$13 | D22: =$B$9/(1-'Thong so'!$B$13) | E22: =$B$9/(1-'Thong so'!$C$13) | F22: =IF($C$4<'Thong so'!$B$6,"❌ TỪ CHỐI (dưới sàn tuyệt đối)",IF(AND($B$10>='Thong so'!$C$13,$C$5>='Thong so'!$D$13),"✅ NHẬN",IF($B$10>='Thong so'!$C$13,"⚠ NHẬN — nhưng SL dưới ngưỡng ngách","❌ Chưa đạt — đàm phán / bỏ")))
A23: ='Thong so'!A14 | B23: ='Thong so'!$C$14 | C23: ='Thong so'!$D$14 | D23: =$B$9/(1-'Thong so'!$B$14) | E23: =$B$9/(1-'Thong so'!$C$14) | F23: =IF($C$4<'Thong so'!$B$6,"❌ TỪ CHỐI (dưới sàn tuyệt đối)",IF(AND($B$10>='Thong so'!$C$14,$C$5>='Thong so'!$D$14),"✅ NHẬN",IF($B$10>='Thong so'!$C$14,"⚠ NHẬN — nhưng SL dưới ngưỡng ngách","❌ Chưa đạt — đàm phán / bỏ")))
A24: ='Thong so'!A15 | B24: ='Thong so'!$C$15 | C24: ='Thong so'!$D$15 | D24: =$B$9/(1-'Thong so'!$B$15) | E24: =$B$9/(1-'Thong so'!$C$15) | F24: =IF($C$4<'Thong so'!$B$6,"❌ TỪ CHỐI (dưới sàn tuyệt đối)",IF(AND($B$10>='Thong so'!$C$15,$C$5>='Thong so'!$D$15),"✅ NHẬN",IF($B$10>='Thong so'!$C$15,"⚠ NHẬN — nhưng SL dưới ngưỡng ngách","❌ Chưa đạt — đàm phán / bỏ")))
A26: MẸO ĐÀM PHÁN: đừng giảm giá trơn. Đổi giá lấy SL hoặc trả trước — "tôi xuống mức đó nếu anh lên 6.000 kg và trả trước 50%".

Sheet Bang gia san
A1: BẢNG GIÁ CHÀO THEO NGÁCH × SỐ LƯỢNG (USD/kg, FOB)
A2: Giá tự tính từ mô hình. Dùng để chào khách. Giá giảm khi số lượng tăng.
A4: Ngách khách hàng | B4: Biên mục tiêu | C4: Giá chào @ 1.500 kg | D4: Giá chào @ 3.000 kg | E4: Giá chào @ 6.000 kg | F4: Ghi chú chiến lược
A5: ='Thong so'!A11 | B5: ='Thong so'!$B$11 | C5: =(('Thong so'!$B$3)+('Thong so'!$B$4)/1500)*(1+'Thong so'!$B$5)/(1-'Thong so'!$B$11) | D5: =(('Thong so'!$B$3)+('Thong so'!$B$4)/3000)*(1+'Thong so'!$B$5)/(1-'Thong so'!$B$11) | E5: =(('Thong so'!$B$3)+('Thong so'!$B$4)/6000)*(1+'Thong so'!$B$5)/(1-'Thong so'!$B$11) | F5: Dễ vào nhất, chốt nhanh — đơn mở hàng.
A6: ='Thong so'!A12 | B6: ='Thong so'!$B$12 | C6: =(('Thong so'!$B$3)+('Thong so'!$B$4)/1500)*(1+'Thong so'!$B$5)/(1-'Thong so'!$B$12) | D6: =(('Thong so'!$B$3)+('Thong so'!$B$4)/3000)*(1+'Thong so'!$B$5)/(1-'Thong so'!$B$12) | E6: =(('Thong so'!$B$3)+('Thong so'!$B$4)/6000)*(1+'Thong so'!$B$5)/(1-'Thong so'!$B$12) | F6: ★ Ưu tiên cao. Giá cố định 6–12 tháng, nhãn riêng.
A7: ='Thong so'!A13 | B7: ='Thong so'!$B$13 | C7: =(('Thong so'!$B$3)+('Thong so'!$B$4)/1500)*(1+'Thong so'!$B$5)/(1-'Thong so'!$B$13) | D7: =(('Thong so'!$B$3)+('Thong so'!$B$4)/3000)*(1+'Thong so'!$B$5)/(1-'Thong so'!$B$13) | E7: =(('Thong so'!$B$3)+('Thong so'!$B$4)/6000)*(1+'Thong so'!$B$5)/(1-'Thong so'!$B$13) | F7: Biên cao nhất. Bán bằng công thức + bao bì riêng.
A8: ='Thong so'!A14 | B8: ='Thong so'!$B$14 | C8: =(('Thong so'!$B$3)+('Thong so'!$B$4)/1500)*(1+'Thong so'!$B$5)/(1-'Thong so'!$B$14) | D8: =(('Thong so'!$B$3)+('Thong so'!$B$4)/3000)*(1+'Thong so'!$B$5)/(1-'Thong so'!$B$14) | E8: =(('Thong so'!$B$3)+('Thong so'!$B$4)/6000)*(1+'Thong so'!$B$5)/(1-'Thong so'!$B$14) | F8: Ngách ép giá — CHỈ nhận khi SL rất lớn.
A9: ='Thong so'!A15 | B9: ='Thong so'!$B$15 | C9: =(('Thong so'!$B$3)+('Thong so'!$B$4)/1500)*(1+'Thong so'!$B$5)/(1-'Thong so'!$B$15) | D9: =(('Thong so'!$B$3)+('Thong so'!$B$4)/3000)*(1+'Thong so'!$B$5)/(1-'Thong so'!$B$15) | E9: =(('Thong so'!$B$3)+('Thong so'!$B$4)/6000)*(1+'Thong so'!$B$5)/(1-'Thong so'!$B$15) | F9: ⚠ Cần BRC/IFS — giai đoạn 3, chưa chào.
A11: GIÁ SÀN TUYỆT ĐỐI (không bao giờ phá): | C11: ='Thong so'!$B$6

Sheet Thong so
A1: THÔNG SỐ MÔ HÌNH — chỉ sửa ô VÀNG
A2: Tham số chi phí
A3: Chi phí biến đổi / kg (mua hàng + bao bì) | B3: 5.55 | C3: USD/kg. Từ file 02_TINH GIA (sheet 03).
A4: Chi phí cố định / lô (nội địa) | B4: 825 | C4: USD/lô. Gần như không đổi theo SL → lô lớn rẻ hơn.
A5: Hệ số dự phòng rủi ro | B5: 0.02 | C5: Cộng cho tỷ giá/hao hụt. 0.02 = 2%.
A6: Giá sàn tuyệt đối (không bao giờ phá) | B6: 6.3 | C6: USD/kg. Dưới mức này = từ chối mọi ngách.
A9: BẢNG NGÁCH KHÁCH HÀNG — sửa biên lãi/SL tối thiểu ở ô VÀNG
A10: Ngách khách hàng | B10: Biên mục tiêu (giá chào đầu) | C10: Biên tối thiểu (giá sàn ngách) | D10: SL tối thiểu (kg) | E10: Ghi chú
A11: Nhập khẩu châu Á / ethnic (ghép container) | B11: 0.15 | C11: 0.12 | D11: 1500 | E11: Dễ vào nhất, chốt nhanh — đơn mở hàng.
A12: Phân phối thực phẩm khô / snack | B12: 0.2 | C12: 0.15 | D12: 1500 | E12: ★ Ưu tiên cao. Giá cố định 6–12 tháng, nhãn riêng.
A13: Chủ thương hiệu / private label | B13: 0.28 | C13: 0.25 | D13: 1000 | E13: Biên cao nhất. Bán bằng công thức + bao bì riêng.
A14: Nhà sản xuất (nguyên liệu, dice/cube) | B14: 0.1 | C14: 0.08 | D14: 6000 | E14: Ngách ép giá — CHỈ nhận khi SL rất lớn.
A15: Chuỗi bán lẻ / discounter (Aldi, Lidl) | B15: 0.1 | C15: 0.08 | D15: 6000 | E15: ⚠ Cần BRC/IFS — giai đoạn 3, chưa chào.
